Unique ID,FD sample ID,FD Run ID,Strain,Cryo mix,Sub-Sample,Ferm Condition,Storage form,Temperature (°C),Container,Bulking,Desiccant,Quantity (g),Sample location,Week 0 CFU/g,Week 2 CFU/g,Week 4 CFU/g,Week 8 CFU/g,Week 12 CFU/g,decay_rate_fitted,Rsquared_fitted,decay_rate_errbar,decay_rate_lower95interval,decay_rate_upper95interval,estimate_day_2e10,Week 0 Aw,Week 2 Aw,Week 4 Aw,Week 8 Aw,Week 12 Aw,,,,
1,IFF09152022-1,FDL-099A,Klebsiella variicola,PVT,pellet_21_mylar_n,"Greens, high EPS",Pellet,21,Mylar,PVT,N,8,BINDER @D120,4.05E+11,,2.58E+11,1.49E+11,,-0.007761179,0.996658847,0.000880746,-0.008641926,-0.006880433,1.68E+02,0.165,,0.175,0.205,,,,,
2,IFF09152022-1,FDL-099A,Klebsiella variicola,PVT,pellet_21_mylar_cacl2,"Greens, high EPS",Pellet,21,Mylar,PVT,2%CaCl2,8,BINDER @D120,4.05E+11,,2.70E+11,9.50E+10,,-0.011251584,0.939662388,0.005588174,-0.016839758,-0.00566341,1.16E+02,0.165,,0.125,0.153,,,,,
3,IFF09152022-1,FDL-099A,Klebsiella variicola,PVT,unbulked powder_21_mylar_n,"Greens, high EPS",Unbulked powder,21,Mylar,PVT,5%SIO2,8,BINDER @D120,4.00E+11,,1.77E+11,5.62E+10,,-0.015219716,0.990338924,0.00294629,-0.018166006,-0.012273426,8.55E+01,0.289,,0.23,0.268,,,,,
4,IFF09152022-1,FDL-099A,Klebsiella variicola,PVT,"bulked powder, pre-dried bulking_21_mylar_n","Greens, high EPS","Bulked powder, pre-dried bulking",21,Mylar,PVT,5%SIO2,8,BINDER @D120,1.86E+11,,1.01E+11,4.52E+10,,-0.010954746,0.99311633,0.001787559,-0.012742304,-0.009167187,8.83E+01,0.224,,0.174,0.221,,,,,
5,IFF09152022-1,FDL-099A,Klebsiella variicola,PVT,"bulked powder, w/o sio2_21_mylar_n","Greens, high EPS","Bulked powder, w/o SiO2",21,Mylar,PVT,5%SIO2,8,BINDER @D120,2.38E+11,,9.92E+10,3.65E+10,,-0.014549381,0.998539388,0.00109063,-0.015640012,-0.013458751,7.39E+01,0.229,,0.21,0.257,,,,,
6,IFF09152022-1,FDL-099A,Klebsiella variicola,PVT,"bulked powder, pre-dried bulking w/o sio2_21_mylar_n","Greens, high EPS","Bulked powder, pre-dried bulking w/o SiO2",21,Mylar,PVT,5%SIO2,8,BINDER @D120,2.38E+11,,1.06E+11,3.95E+10,,-0.01392863,0.996484358,0.001621525,-0.015550154,-0.012307105,7.72E+01,0.247,,0.197,0.246,,,,,
7,IFF09152022-1,FDL-099A,Klebsiella variicola,PVT,bulked powder_21_mylar_n,"Greens, high EPS",Bulked powder,21,Mylar,PVT,5%SIO2,8,BINDER @D120,1.86E+11,,9.80E+10,2.70E+10,,-0.014959899,0.963363722,0.00571791,-0.020677809,-0.00924199,6.47E+01,0.254,,0.224,0.265,,,,,
8,IFF09152022-2,FDL-099D,Klebsiella variicola,PVT,pellet_21_mylar_n,"Greens, high EPS",Pellet,21,Mylar,PVT,5%SIO2,8,BINDER @D120,7.11E+11,,1.52E+11,4.67E+10,2.35E+10,-0.017697082,0.972658878,0.00411209,-0.021809172,-0.013584991,8.76E+01,0.217,,0.272,0.213,0.254,,,,
9,IFF09152022-2,FDL-099D,Klebsiella variicola,PVT,pellet_21_mylar_cacl2,"Greens, high EPS",Pellet,21,Mylar,PVT,2%CaCl2,8,BINDER @D120,7.11E+11,,1.71E+11,6.69E+10,6.25E+10,-0.012765003,0.878421438,0.006581594,-0.019346597,-0.00618341,1.21E+02,0.217,,0.186,0.155,0.198,,,,
10,IFF09152022-2,FDL-099D,Klebsiella variicola,PVT,pellet_4_mylar_n,"Greens, high EPS",Pellet,4,Mylar,PVT,5%SIO2,8,Deli case @ D120,7.11E+11,,2.58E+11,3.23E+11,3.97E+11,-0.002364138,0.205536811,0.006441664,-0.008805803,0.004077526,6.56E+02,0.217,,n/m,n/m,n/m,,,,
11,IFF09152022-2,FDL-099D,Klebsiella variicola,PVT,bulked powder_21_mylar_n,"Greens, high EPS",Bulked powder,21,Mylar,PVT,5%SIO2,8,BINDER @D120,3.46E+11,,5.85E+10,3.08E+10,1.44E+10,-0.015787944,0.938971455,0.005578263,-0.021366207,-0.010209681,7.84E+01,0.251,,0.279,0.213,0.267,,,,
12,IFF09152022-3,FDL-099EF,Klebsiella variicola,PVT,pellet_21_mylar_n,"Greens, high EPS",Pellet,21,Mylar,PVT,5%SIO2,8,BINDER @D120,4.37E+11,,6.16E+10,9.12E+09,7.73E+09,-0.02173847,0.911964728,0.009360551,-0.031099021,-0.012377919,6.16E+01,0.176,,0.238,0.185,0.227,,,,
13,IFF09152022-3,FDL-099EF,Klebsiella variicola,PVT,pellet_21_mylar_cacl2,"Greens, high EPS",Pellet,21,Mylar,PVT,2%CaCl2,8,BINDER @D120,4.37E+11,,8.55E+10,2.81E+10,1.29E+10,-0.018124544,0.97395338,0.004107776,-0.02223232,-0.014016768,7.39E+01,0.176,,0.165,0.116,0.157,,,,
14,IFF09152022-3,FDL-099EF,Klebsiella variicola,PVT,pellet_4_mylar_n,"Greens, high EPS",Pellet,4,Mylar,PVT,5%SIO2,8,Deli case @ D120,4.37E+11,,2.93E+11,1.69E+11,2.06E+11,-0.004345419,0.753722842,0.003442477,-0.007787896,-0.000902943,3.08E+02,0.176,,n/m,n/m,n/m,,,,
15,IFF09152022-3,FDL-099EF,Klebsiella variicola,PVT,bulked powder_21_mylar_n,"Greens, high EPS",Bulked powder,21,Mylar,PVT,5%SIO2,8,BINDER @D120,2.70E+11,,2.66E+10,7.98E+09,3.88E+09,-0.021600064,0.936525014,0.00779345,-0.029393513,-0.013806614,5.23E+01,0.226,,0.278,0.204,0.243,,,,
16,IFF10202022-1,FDL-101A1,Kosakonia sacchari,PVT70%,pellet_21_mylar_n,"Glucose, no EPS",Pellet,21,Mylar,PVT,5%SIO2,8,BINDER @D120,2.89E+11,,4.86E+10,2.32E+10,2.46E+09,-0.02332957,0.967749721,0.005902351,-0.029231921,-0.017427219,4.97E+01,0.343,,0.367,0.344,0.36,,,,
17,IFF10202022-1,FDL-101A1,Kosakonia sacchari,PVT70%,pellet_21_mylar_cacl2,"Glucose, no EPS",Pellet,21,Mylar,PVT,2%CaCl2,8,BINDER @D120,2.89E+11,,3.00E+10,1.10E+10,9.63E+09,-0.017380689,0.846257196,0.010267064,-0.027647753,-0.007113624,6.67E+01,0.343,,0.305,0.287,0.308,,,,
18,IFF10202022-1,FDL-101A1,Kosakonia sacchari,PVT70%,pellet_4_mylar_n,"Glucose, no EPS",Pellet,4,Mylar,PVT,5%SIO2,8,Deli case @ D120,2.89E+11,,2.69E+11,1.49E+11,1.31E+11,-0.004582216,0.899315573,0.002124877,-0.006707093,-0.002457339,2.53E+02,0.343,,n/m,n/m,n/m,,,,
19,IFF10202022-1,FDL-101A1,Kosakonia sacchari,PVT70%,bulked powder_21_mylar_n,"Glucose, no EPS",Bulked powder,21,Mylar,PVT,5%SIO2,8,BINDER @D120,1.27E+11,,1.29E+10,4.94E+09,2.27E+09,-0.020197318,0.930762655,0.007634446,-0.027831764,-0.012562872,3.97E+01,0.348,,0.319,0.305,0.329,,,,
20,IFF10202022-2,FDL-101B1,Kosakonia sacchari,PVT70%,pellet_21_mylar_n,"Glucose, no EPS",Pellet,21,Mylar,PVT,5%SIO2,8,BINDER @D120,2.20E+11,,3.80E+08,4.18E+08,2.45E+08,-0.031504767,0.652118016,0.031890567,-0.063395334,0.0003858,3.31E+01,0.306,,0.33,0.308,0.324,,,,
21,IFF10202022-2,FDL-101B1,Kosakonia sacchari,PVT70%,pellet_21_mylar_cacl2,"Glucose, no EPS",Pellet,21,Mylar,PVT,2%CaCl2,8,BINDER @D120,2.20E+11,,3.42E+09,3.80E+07,3.34E+08,-0.037194188,0.697036975,0.033984046,-0.071178235,-0.003210142,2.80E+01,0.306,,0.271,0.254,0.227,,,,
22,IFF10202022-2,FDL-101B1,Kosakonia sacchari,PVT70%,pellet_4_mylar_n,"Glucose, no EPS",Pellet,4,Mylar,PVT,5%SIO2,8,Deli case @ D120,2.20E+11,,1.38E+11,8.55E+10,8.66E+10,-0.0050867,0.883976428,0.002554006,-0.007640706,-0.002532693,2.05E+02,0.306,,n/m,n/m,n/m,,,,
23,IFF10202022-2,FDL-101B1,Kosakonia sacchari,PVT70%,bulked powder_21_mylar_n,"Glucose, no EPS",Bulked powder,21,Mylar,PVT,5%SIO2,8,BINDER @D120,1.07E+11,,3.80E+08,4.94E+08,1.31E+08,-0.030788636,0.725604078,0.02623992,-0.057028556,-0.004548716,2.36E+01,0.315,,0.307,0.271,0.301,,,,
24,22PT1202-12,FDL-105A-T02,Klebsiella variicola,DSR,pellet_4_mylar_n,"T+P, 0.7% XG",Pellet,4,Mylar,PVT,5%SIO2,8,Deli case @ D120,1.84E+11,,2.89E+11,,,0.006966852,1,,,,-1.38E+02,0.107,,,,,,,,
25,22PT1202-12,FDL-105A-T02,Klebsiella variicola,DSR,pellet_21_mylar_n,"T+P, 0.7% XG",Pellet,21,Mylar,PVT,5%SIO2,8,BINDER @D120,1.84E+11,,4.22E+10,5.74E+09,,-0.026906514,0.992561548,0.004565287,-0.031471801,-0.022341227,3.58E+01,0.107,,0.216,0.184,,,,,
26,22PT1202-12,FDL-105A-T02,Klebsiella variicola,DSR,bulked powder_4_mylar_n,"T+P, 0.7% XG",Bulked powder,4,Mylar,PVT,5%SIO2,8,Deli case @ D120,9.80E+10,,1.31E+11,,,0.004513451,1,,,,-1.53E+02,0.19,,,,,,,,
27,22PT1202-12,FDL-105A-T02,Klebsiella variicola,DSR,unbulked powder_21_mylar_n,"T+P, 0.7% XG",Unbulked powder,21,Mylar,PVT,5%SIO2,8,BINDER @D120,1.84E+11,,4.10E+10,1.11E+10,,-0.021792123,0.998380785,0.001720093,-0.023512216,-0.02007203,4.43E+01,0.19,,0.222,0.19,,,,,
28,22PT1202-12,FDL-105A-T02,Klebsiella variicola,DSR,bulked powder_21_mylar_n,"T+P, 0.7% XG",Bulked powder,21,Mylar,PVT,5%SIO2,8,BINDER @D120,9.80E+10,,2.20E+10,6.19E+09,,-0.021415266,0.99783413,0.001955503,-0.023370769,-0.019459762,3.22E+01,0.19,,0.238,0.213,,,,,
29,22PT1202-5,FDL-105A-T03,Kosakonia sacchari,PVT70%,pellet_4_mylar_n,"T+P, 0.7% XG",Pellet,4,Mylar,PVT,5%SIO2,8,Deli case @ D120,6.61E+10,,7.75E+10,,,0.002467176,1,,,,-2.10E+02,0.194,,,,,,,,
30,22PT1202-5,FDL-105A-T03,Kosakonia sacchari,PVT70%,pellet_21_mylar_n,"T+P, 0.7% XG",Pellet,21,Mylar,PVT,5%SIO2,8,BINDER @D120,6.61E+10,,5.24E+10,4.67E+10,2.96E+10,-0.003926525,0.93250297,0.001464059,-0.005390584,-0.002462466,1.32E+02,0.194,,0.259,0.15,0.257,,,,
31,22PT1202-5,FDL-105A-T03,Kosakonia sacchari,PVT70%,bulked powder_4_mylar_n,"T+P, 0.7% XG",Bulked powder,4,Mylar,PVT,5%SIO2,8,Deli case @ D120,3.27E+10,,2.66E+10,,3.84E+10,0.001124751,0.361231639,0.002931457,-0.001806705,0.004056208,-1.90E+02,0.262,,,,0.267,,,,
32,22PT1202-5,FDL-105A-T03,Kosakonia sacchari,PVT70%,unbulked powder_21_mylar_n,"T+P, 0.7% XG",Unbulked powder,21,Mylar,PVT,5%SIO2,8,BINDER @D120,6.61E+10,,4.90E+10,3.69E+10,,-0.00452333,0.999747899,0.000140782,-0.004664112,-0.004382548,1.15E+02,0.262,,0.267,0.257,,,,,
33,22PT1202-5,FDL-105A-T03,Kosakonia sacchari,PVT70%,bulked powder_21_mylar_n,"T+P, 0.7% XG",Bulked powder,21,Mylar,PVT,5%SIO2,8,BINDER @D120,3.27E+10,,5.32E+10,1.89E+10,1.31E+10,-0.005862813,0.628445134,0.006247653,-0.012110466,0.00038484,3.64E+01,0.262,,0.279,0.264,0.269,,,,
34,22PT1202-11,FDL-105A-T04,Klebsiella variicola,PVT70%,pellet_4_mylar_n,"T+P, 0.7% XG",Pellet,4,Mylar,PVT,5%SIO2,8,Deli case @ D120,3.15E+11,,2.81E+11,,2.09E+11,-0.002152374,0.996425474,0.000252669,-0.002405043,-0.001899705,5.57E+02,0.074,,,,0.136,,,,
35,22PT1202-11,FDL-105A-T04,Klebsiella variicola,PVT70%,pellet_21_mylar_n,"T+P, 0.7% XG",Pellet,21,Mylar,PVT,5%SIO2,8,BINDER @D120,3.15E+11,,3.88E+10,1.20E+10,1.39E+09,-0.027048652,0.988159674,0.00410343,-0.031152081,-0.022945222,4.43E+01,0.074,,0.168,0.142,0.173,,,,
36,22PT1202-11,FDL-105A-T04,Klebsiella variicola,PVT70%,bulked powder_4_mylar_n,"T+P, 0.7% XG",Bulked powder,4,Mylar,PVT,5%SIO2,8,Deli case @ D120,1.47E+11,,9.58E+10,,9.37E+10,-0.002031059,0.612562853,0.003165891,-0.00519695,0.001134832,4.27E+02,0.176,,,,0.19,,,,
37,22PT1202-11,FDL-105A-T04,Klebsiella variicola,PVT70%,unbulked powder_21_mylar_n,"T+P, 0.7% XG",Unbulked powder,21,Mylar,PVT,5%SIO2,8,BINDER @D120,3.15E+11,,3.80E+10,1.18E+10,,-0.02548178,0.973069549,0.008308598,-0.033790378,-0.017173182,4.70E+01,0.176,,0.221,0.194,,,,,
38,22PT1202-11,FDL-105A-T04,Klebsiella variicola,PVT70%,bulked powder_21_mylar_n,"T+P, 0.7% XG",Bulked powder,21,Mylar,PVT,5%SIO2,8,BINDER @D120,1.47E+11,,2.20E+10,5.49E+09,3.72E+09,-0.019283621,0.929956986,0.007334536,-0.026618158,-0.011949085,4.50E+01,0.176,,0.255,0.184,0.249,,,,
39,22PT1202-1,FDL-105B-T05,Kosakonia sacchari,SKP,pellet_4_mylar_n,"T+P, high EPS",Pellet,4,Mylar,PVT,5%SIO2,8,Deli case @ D120,4.07E+10,,2.20E+10,,,-0.009498421,1,,,,3.24E+01,0.42,,,,,,,,
40,22PT1202-1,FDL-105B-T05,Kosakonia sacchari,SKP,bulked powder_4_mylar_n,"T+P, high EPS",Bulked powder,4,Mylar,PVT,5%SIO2,8,Deli case @ D120,1.33E+10,,9.88E+09,,,-0.004610525,1,,,,-3.84E+01,0.337,,,,,,,,
41,22PT1202-1,FDL-105B-T05,Kosakonia sacchari,SKP,bulked powder_21_mylar_n,"T+P, high EPS",Bulked powder,21,Mylar,PVT,5%SIO2,8,Deli case @ D120,1.33E+10,,7.22E+09,,,-0.009475516,1,,,,-1.87E+01,0.337,,0.299,,,,,,
42,22PT1202-3,FDL-105B-T06,Kosakonia sacchari,DSR,pellet_4_mylar_n,"T+P, high EPS",Pellet,4,Mylar,PVT,5%SIO2,8,Deli case @ D120,6.69E+10,,5.93E+10,,,-0.001871002,1,,,,2.80E+02,n/m,,,,,,,,
43,22PT1202-3,FDL-105B-T06,Kosakonia sacchari,DSR,bulked powder_4_mylar_n,"T+P, high EPS",Bulked powder,4,Mylar,PVT,5%SIO2,8,Deli case @ D120,4.22E+10,,2.62E+10,,,-0.007374067,1,,,,4.39E+01,0.381,,,,,,,,
44,22PT1202-3,FDL-105B-T06,Kosakonia sacchari,DSR,bulked powder_21_mylar_n,"T+P, high EPS",Bulked powder,21,Mylar,PVT,5%SIO2,8,Deli case @ D120,4.22E+10,,1.10E+10,,,-0.020846925,1,,,,1.55E+01,0.381,,0.318,,,,,,
45,22PT1202-4,FDL-105B-T07,Kosakonia sacchari,SKP,pellet_4_mylar_n,"T+P, 0.7% XG",Pellet,4,Mylar,PVT,5%SIO2,8,Deli case @ D120,3.77E+10,,2.96E+10,,,-0.003730827,1,,,,7.38E+01,n/m,,,,,,,,
46,22PT1202-4,FDL-105B-T07,Kosakonia sacchari,SKP,bulked powder_4_mylar_n,"T+P, 0.7% XG",Bulked powder,4,Mylar,PVT,5%SIO2,8,Deli case @ D120,1.03E+10,,3.04E+09,,,-0.018866921,1,,,,-1.54E+01,0.405,,,,,,,,
47,22PT1202-4,FDL-105B-T07,Kosakonia sacchari,SKP,bulked powder_21_mylar_n,"T+P, 0.7% XG",Bulked powder,21,Mylar,PVT,5%SIO2,8,Deli case @ D120,1.03E+10,,5.32E+09,4.12E+09,3.97E+09,-0.004815892,0.831629015,0.003003161,-0.007819053,-0.001812731,-6.02E+01,0.405,,0.35,0.343,0.356,,,,
48,22PT1202-6,FDL-105B-T09,Kosakonia sacchari,DSR,pellet_4_mylar_n,"T+P, 0.7% XG",Pellet,4,Mylar,PVT,5%SIO2,8,Deli case @ D120,5.89E+10,,7.45E+10,,,0.003640156,1,,,,-1.29E+02,0.2,,,,,,,,
49,22PT1202-6,FDL-105B-T09,Kosakonia sacchari,DSR,bulked powder_4_mylar_n,"T+P, 0.7% XG",Bulked powder,4,Mylar,PVT,5%SIO2,8,Deli case @ D120,3.57E+10,,3.31E+10,,,-0.001200307,1,,,,2.10E+02,0.334,,,,,,,,
50,22PT1202-6,FDL-105B-T09,Kosakonia sacchari,DSR,bulked powder_21_mylar_n,"T+P, 0.7% XG",Bulked powder,21,Mylar,PVT,5%SIO2,8,Deli case @ D120,3.57E+10,,1.94E+10,,,-0.009468204,1,,,,2.66E+01,0.334,,0.299,,,,,,
51,22PT1117-8,FDL-105B-T10,Klebsiella variicola,PVT70%,pellet_4_mylar_n,"T+P, high EPS",Pellet,4,Mylar,PVT,5%SIO2,8,Deli case @ D120,6.38E+11,,3.88E+11,,,-0.007739611,1,,,,1.94E+02,0.15,,,,,,,,
52,22PT1117-8,FDL-105B-T10,Klebsiella variicola,PVT70%,bulked powder_4_mylar_n,"T+P, high EPS",Bulked powder,4,Mylar,PVT,5%SIO2,8,Deli case @ D120,2.77E+11,,1.57E+11,,,-0.008834743,1,,,,1.29E+02,0.367,,,,,,,,
53,22PT1117-8,FDL-105B-T10,Klebsiella variicola,PVT70%,bulked powder_21_mylar_n,"T+P, high EPS",Bulked powder,21,Mylar,PVT,5%SIO2,8,Deli case @ D120,2.77E+11,,8.44E+10,5.45E+10,3.17E+10,-0.010776637,0.94463953,0.003615623,-0.01439226,-0.007161014,1.06E+02,0.367,,0.309,0.315,0.325,,,,
54,22PT1117-9,FDL-105B-T11,Klebsiella variicola,DSR,pellet_4_mylar_n,"T+P, high EPS",Pellet,4,Mylar,PVT,5%SIO2,8,Deli case @ D120,4.14E+11,,3.15E+11,,,-0.004226729,1,,,,3.11E+02,0.1,,,,,,,,
55,22PT1117-9,FDL-105B-T11,Klebsiella variicola,DSR,bulked powder_4_mylar_n,"T+P, high EPS",Bulked powder,4,Mylar,PVT,5%SIO2,8,Deli case @ D120,2.32E+11,,1.57E+11,,,-0.006011768,1,,,,1.77E+02,0.368,,,,,,,,
56,22PT1117-9,FDL-105B-T11,Klebsiella variicola,DSR,bulked powder_21_mylar_n,"T+P, high EPS",Bulked powder,21,Mylar,PVT,5%SIO2,8,Deli case @ D120,2.32E+11,,4.64E+10,,,-0.024949838,1,,,,4.26E+01,0.368,,0.289,,,,,,
57,22PT1202-2,FDL-105B-T12,Kosakonia sacchari,PVT70%,pellet_4_mylar_n,"T+P, high EPS",Pellet,4,Mylar,PVT,5%SIO2,8,Deli case @ D120,9.88E+10,,8.66E+10,,,-0.002037089,1,,,,3.41E+02,n/m,,,,,,,,
58,22PT1202-2,FDL-105B-T12,Kosakonia sacchari,PVT70%,bulked powder_4_mylar_n,"T+P, high EPS",Bulked powder,4,Mylar,PVT,5%SIO2,8,Deli case @ D120,3.95E+10,,6.42E+10,,,0.007530477,1,,,,-3.93E+01,0.343,,,,,,,,
59,22PT1202-2,FDL-105B-T12,Kosakonia sacchari,PVT70%,bulked powder_21_mylar_n,"T+P, high EPS",Bulked powder,21,Mylar,PVT,5%SIO2,8,Deli case @ D120,3.95E+10,,2.62E+10,1.14E+10,8.02E+09,-0.008710583,0.974324183,0.001959705,-0.010670288,-0.006750878,3.40E+01,0.343,,0.306,0.294,0.314,,,,
60,22PT1216-3,FDL-105C-T13,Klebsiella variicola,DSR,pellet_4_mylar_n,"Glucose, high EPS",Pellet,4,Mylar,PVT,5%SIO2,8,Deli case @ D120,3.31E+11,,,,,,,,,,#DIV/0!,0.05,,,,,,,,
61,22PT1216-3,FDL-105C-T13,Klebsiella variicola,DSR,bulked powder_4_mylar_n,"Glucose, high EPS",Bulked powder,4,Mylar,PVT,5%SIO2,8,Deli case @ D120,2.24E+11,,,,,,,,,,#DIV/0!,0.213,,,,,,,,
62,22PT1216-3,FDL-105C-T13,Klebsiella variicola,DSR,bulked powder_21_mylar_n,"Glucose, high EPS",Bulked powder,21,Mylar,PVT,5%SIO2,8,Deli case @ D120,2.24E+11,,1.25E+10,,,-0.04472636,1,,,,2.35E+01,0.213,,0.271,,,,,,
63,22PT1102-8,FDL-105C-T14,Klebsiella variicola,PVT70%,bulked powder_21_mylar_n,"Glucose, no EPS",Bulked powder,21,Mylar,PVT,5%SIO2,8,Deli case @ D120,5.59E+11,,2.66E+11,8.87E+10,4.98E+10,-0.012950553,0.987123679,0.002049895,-0.015000447,-0.010900658,1.12E+02,0.314,,0.2,0.288,0.306,,,,
64,22PT1102-8,FDL-105C-T14,Klebsiella variicola,PVT70%,pellet_4_mylar_n,"Glucose, no EPS",Pellet,4,Mylar,PVT,5%SIO2,8,Deli case @ D120,7.33E+11,,,,,,,,,,#DIV/0!,0.13,,,,,,,,
65,22PT1102-8,FDL-105C-T14,Klebsiella variicola,PVT70%,bulked powder_4_mylar_n,"Glucose, no EPS",Bulked powder,4,Mylar,PVT,5%SIO2,8,Deli case @ D120,5.59E+11,,,,,,,,,,#DIV/0!,0.314,,,,,,,,
66,22PT1117-5,FDL-105C-T15,Kosakonia sacchari,PVT70%,bulked powder_21_mylar_n,P only,Bulked powder,21,Mylar,PVT,5%SIO2,8,Deli case @ D120,8.55E+10,,3.23E+10,1.22E+10,5.24E+09,-0.014503653,0.998928865,0.000658211,-0.015161865,-0.013845442,4.35E+01,0.291,,0.292,0.282,0.303,,,,
67,22PT1117-5,FDL-105C-T15,Kosakonia sacchari,PVT70%,pellet_4_mylar_n,P only,Pellet,4,Mylar,PVT,5%SIO2,8,Deli case @ D120,1.37E+11,,,,,,,,,,#DIV/0!,0.07,,,,,,,,
68,22PT1117-5,FDL-105C-T15,Kosakonia sacchari,PVT70%,bulked powder_4_mylar_n,P only,Bulked powder,4,Mylar,PVT,5%SIO2,8,Deli case @ D120,8.55E+10,,,,,,,,,,#DIV/0!,0.291,,,,,,,,
69,22PT1102-9,FDL-105C-T16,Klebsiella variicola,DSR,bulked powder_21_mylar_n,"Glucose, no EPS",Bulked powder,21,Mylar,PVT,5%SIO2,8,Deli case @ D120,2.14E+11,,7.41E+10,,,-0.016445492,1,,,,6.26E+01,0.275,,0.291,,,,,,
70,22PT1102-9,FDL-105C-T16,Klebsiella variicola,DSR,pellet_4_mylar_n,"Glucose, no EPS",Pellet,4,Mylar,PVT,5%SIO2,8,Deli case @ D120,4.79E+11,,,,,,,,,,#DIV/0!,0.08,,,,,,,,
71,22PT1102-9,FDL-105C-T16,Klebsiella variicola,DSR,bulked powder_4_mylar_n,"Glucose, no EPS",Bulked powder,4,Mylar,PVT,5%SIO2,8,Deli case @ D120,2.14E+11,,,,,,,,,,#DIV/0!,0.275,,,,,,,,
72,22PT1117-6,FDL-105C-T17,Kosakonia sacchari,DSR,bulked powder_21_mylar_n,P only,Bulked powder,21,Mylar,PVT,5%SIO2,8,Deli case @ D120,8.09E+10,,1.41E+10,,,-0.02714921,1,,,,2.24E+01,0.274,,0.27,,,,,,
73,22PT1117-6,FDL-105C-T17,Kosakonia sacchari,DSR,pellet_4_mylar_n,P only,Pellet,4,Mylar,PVT,5%SIO2,8,Deli case @ D120,1.09E+11,,,,,,,,,,#DIV/0!,0.08,,,,,,,,
74,22PT1117-6,FDL-105C-T17,Kosakonia sacchari,DSR,bulked powder_4_mylar_n,P only,Bulked powder,4,Mylar,PVT,5%SIO2,8,Deli case @ D120,8.09E+10,,,,,,,,,,#DIV/0!,0.274,,,,,,,,
75,22PT1216-2,FDL-105C-T18,Klebsiella variicola,PVT70%,pellet_4_mylar_n,"Glucose, high EPS",Pellet,4,Mylar,PVT,5%SIO2,8,Deli case @ D120,4.18E+11,,,,,,,,,,#DIV/0!,0.06,,,,,,,,
76,22PT1216-2,FDL-105C-T18,Klebsiella variicola,PVT70%,bulked powder_4_mylar_n,"Glucose, high EPS",Bulked powder,4,Mylar,PVT,5%SIO2,8,Deli case @ D120,2.36E+11,,,,,,,,,,#DIV/0!,0.193,,,,,,,,
77,22PT1216-2,FDL-105C-T18,Klebsiella variicola,PVT70%,bulked powder_21_mylar_n,"Glucose, high EPS",Bulked powder,21,Mylar,PVT,5%SIO2,8,Deli case @ D120,2.36E+11,,2.28E+10,,,-0.036222873,1,,,,2.96E+01,0.193,,0.217,,,,,,
78,22PT1216-1,FDL-105D-T19,Klebsiella variicola,SKP,bulked powder_21_mylar_n,"Glucose, high EPS",Bulked powder,21,Mylar,PVT,5%SIO2,8,Deli case @ D120,2.77E+11,,9.69E+10,9.31E+10,,-0.008467085,0.777443321,0.00887908,-0.017346165,0.000411995,1.35E+02,0.301,,0.27,0.278,,,,,
79,22PT1216-1,FDL-105D-T19,Klebsiella variicola,SKP,pellet_4_mylar_n,"Glucose, high EPS",Pellet,4,Mylar,PVT,5%SIO2,8,Deli case @ D120,3.65E+11,,,,,,,,,,#DIV/0!,0.24,,,,,,,,
80,22PT1216-1,FDL-105D-T19,Klebsiella variicola,SKP,bulked powder_4_mylar_n,"Glucose, high EPS",Bulked powder,4,Mylar,PVT,5%SIO2,8,Deli case @ D120,2.77E+11,,,,,,,,,,#DIV/0!,0.301,,,,,,,,
81,22PT1102-7,FDL-105D-T20,Klebsiella variicola,SKP,pellet_4_mylar_n,"Glucose, no EPS",Pellet,4,Mylar,PVT,5%SIO2,8,Deli case @ D120,5.62E+11,,,,,,,,,,#DIV/0!,0.19,,,,,,,,
82,22PT1102-7,FDL-105D-T20,Klebsiella variicola,SKP,bulked powder_4_mylar_n,"Glucose, no EPS",Bulked powder,4,Mylar,PVT,5%SIO2,8,Deli case @ D120,2.32E+11,,,,,,,,,,#DIV/0!,0.283,,,,,,,,
83,22PT1102-7,FDL-105D-T20,Klebsiella variicola,SKP,bulked powder_21_mylar_n,"Glucose, no EPS",Bulked powder,21,Mylar,PVT,5%SIO2,8,Deli case @ D120,2.32E+11,,2.85E+11,8.30E+10,5.64E+10,-0.008493623,0.810855557,0.00568527,-0.014178893,-0.002808353,1.25E+02,0.283,,0.26,0.257,0.279,,,,
84,22PT1117-4,FDL-105D-T21,Kosakonia sacchari,SKP,pellet_4_mylar_n,P only,Pellet,4,Mylar,PVT,5%SIO2,8,Deli case @ D120,5.09E+10,,,,,,,,,,#DIV/0!,0.08,,,,,,,,
85,22PT1117-4,FDL-105D-T21,Kosakonia sacchari,SKP,bulked powder_4_mylar_n,P only,Bulked powder,4,Mylar,PVT,5%SIO2,8,Deli case @ D120,4.07E+10,,,,,,,,,,#DIV/0!,0.224,,,,,,,,
86,22PT1117-4,FDL-105D-T21,Kosakonia sacchari,SKP,bulked powder_21_mylar_n,P only,Bulked powder,21,Mylar,PVT,5%SIO2,8,Deli case @ D120,4.07E+10,,2.51E+10,,,-0.00749428,1,,,,4.11E+01,0.224,,0.219,,,,,,
87,23PT0119-2,FDL-105EF-T22,Kosakonia sacchari,PVT70%,bulked powder_21_mylar_n,"T+P, no EPS",Bulked powder,21,Mylar,PVT,5%SIO2,8,Incubator @ D120,1.05E+11,,6.84E+10,3.08E+10,,-0.009496942,0.970515852,0.003244329,-0.01274127,-0.006252613,7.58E+01,0.297,,0.305,0.257,,,,,
88,23PT0119-2,FDL-105EF-T22,Kosakonia sacchari,PVT70%,pellet_4_mylar_n,"T+P, no EPS",Pellet,4,Mylar,PVT,5%SIO2,8,Deli case @ D120,1.44E+11,,,,,,,,,,#DIV/0!,0.22,,,,,,,,
89,23PT0119-2,FDL-105EF-T22,Kosakonia sacchari,PVT70%,bulked powder_4_mylar_n,"T+P, no EPS",Bulked powder,4,Mylar,PVT,5%SIO2,8,Deli case @ D120,1.05E+11,,,,,,,,,,#DIV/0!,0.297,,,,,,,,
90,23PT0119-3,FDL-105EF-T23,Kosakonia sacchari,DSR,bulked powder_21_mylar_n,"T+P, no EPS",Bulked powder,21,Mylar,PVT,5%SIO2,8,Incubator @ D120,9.92E+10,,4.12E+10,,,-0.013638514,1,,,,5.10E+01,0.289,,0.301,,,,,,
91,23PT0119-3,FDL-105EF-T23,Kosakonia sacchari,DSR,pellet_4_mylar_n,"T+P, no EPS",Pellet,4,Mylar,PVT,5%SIO2,8,Deli case @ D120,1.11E+11,,,,,,,,,,#DIV/0!,0.2,,,,,,,,
92,23PT0119-3,FDL-105EF-T23,Kosakonia sacchari,DSR,bulked powder_4_mylar_n,"T+P, no EPS",Bulked powder,4,Mylar,PVT,5%SIO2,8,Deli case @ D120,9.92E+10,,,,,,,,,,#DIV/0!,0.289,,,,,,,,
93,23PT0119-5,FDL-105EF-T24,Kosakonia sacchari,PVT70%,bulked powder_21_mylar_n,T only,Bulked powder,21,Mylar,PVT,5%SIO2,8,Incubator @ D120,1.32E+11,,5.00E+10,1.01E+10,,-0.019921616,0.980653576,0.005484224,-0.025405841,-0.014437392,4.12E+01,0.29,,0.304,0.263,,,,,
94,23PT0119-5,FDL-105EF-T24,Kosakonia sacchari,PVT70%,pellet_4_mylar_n,T only,Pellet,4,Mylar,PVT,5%SIO2,8,Deli case @ D120,2.70E+11,,,,,,,,,,#DIV/0!,0.23,,,,,,,,
95,23PT0119-5,FDL-105EF-T24,Kosakonia sacchari,PVT70%,bulked powder_4_mylar_n,T only,Bulked powder,4,Mylar,PVT,5%SIO2,8,Deli case @ D120,1.32E+11,,,,,,,,,,#DIV/0!,0.29,,,,,,,,
96,23PT0119-6,FDL-105EF-T25,Kosakonia sacchari,DSR,bulked powder_21_mylar_n,T only,Bulked powder,21,Mylar,PVT,5%SIO2,8,Incubator @ D120,1.33E+11,,3.42E+10,,,-0.021020818,1,,,,3.91E+01,0.237,,0.273,,,,,,
97,23PT0119-6,FDL-105EF-T25,Kosakonia sacchari,DSR,pellet_4_mylar_n,T only,Pellet,4,Mylar,PVT,5%SIO2,8,Deli case @ D120,1.68E+11,,,,,,,,,,#DIV/0!,0.14,,,,,,,,
98,23PT0119-6,FDL-105EF-T25,Kosakonia sacchari,DSR,bulked powder_4_mylar_n,T only,Bulked powder,4,Mylar,PVT,5%SIO2,8,Deli case @ D120,1.33E+11,,,,,,,,,,#DIV/0!,0.237,,,,,,,,
99,23PT0119-8,FDL-105EF-T26,Klebsiella variicola,PVT70%,bulked powder_21_mylar_n,"T+P, no EPS",Bulked powder,21,Mylar,PVT,5%SIO2,8,Incubator @ D120,1.68E+11,,6.52E+10,3.00E+10,,-0.013381927,0.996756033,0.001496272,-0.014878198,-0.011885655,6.91E+01,0.31,,0.306,0.245,,,,,
100,23PT0119-8,FDL-105EF-T26,Klebsiella variicola,PVT70%,pellet_4_mylar_n,"T+P, no EPS",Pellet,4,Mylar,PVT,5%SIO2,8,Deli case @ D120,4.07E+11,,,,,,,,,,#DIV/0!,0.29,,,,,,,,
101,23PT0119-8,FDL-105EF-T26,Klebsiella variicola,PVT70%,bulked powder_4_mylar_n,"T+P, no EPS",Bulked powder,4,Mylar,PVT,5%SIO2,8,Deli case @ D120,1.68E+11,,,,,,,,,,#DIV/0!,0.31,,,,,,,,
102,23PT0119-9,FDL-105EF-T27,Klebsiella variicola,DSR,bulked powder_21_mylar_n,"T+P, no EPS",Bulked powder,21,Mylar,PVT,5%SIO2,8,Incubator @ D120,1.47E+11,,4.56E+10,,,-0.018161776,1,,,,4.77E+01,0.291,,0.301,,,,,,
103,23PT0119-9,FDL-105EF-T27,Klebsiella variicola,DSR,pellet_4_mylar_n,"T+P, no EPS",Pellet,4,Mylar,PVT,5%SIO2,8,Deli case @ D120,3.95E+11,,,,,,,,,,#DIV/0!,0.23,,,,,,,,
104,23PT0119-9,FDL-105EF-T27,Klebsiella variicola,DSR,bulked powder_4_mylar_n,"T+P, no EPS",Bulked powder,4,Mylar,PVT,5%SIO2,8,Deli case @ D120,1.47E+11,,,,,,,,,,#DIV/0!,0.291,,,,,,,,
105,23PT0119-12,FDL-105EF-T29,Klebsiella variicola,DSR,bulked powder_21_mylar_n,T only,Bulked powder,21,Mylar,PVT,5%SIO2,8,Incubator @ D120,9.16E+10,,4.81E+10,,,-0.009976954,1,,,,6.62E+01,0.394,,0.365,,,,,,
106,23PT0119-12,FDL-105EF-T29,Klebsiella variicola,DSR,pellet_4_mylar_n,T only,Pellet,4,Mylar,PVT,5%SIO2,8,Deli case @ D120,2.32E+11,,,,,,,,,,#DIV/0!,0.36,,,,,,,,
107,23PT0119-12,FDL-105EF-T29,Klebsiella variicola,DSR,bulked powder_4_mylar_n,T only,Bulked powder,4,Mylar,PVT,5%SIO2,8,Deli case @ D120,9.16E+10,,,,,,,,,,#DIV/0!,0.394,,,,,,,,
108,23PT0119-7,FDL-105G-T30,Klebsiella variicola,SKP,bulked powder_21_mylar_n,"T+P, no EPS",Bulked powder,21,Mylar,PVT,5%SIO2,8,Incubator @ D120,2.28E+11,,1.55E+11,1.06E+11,,-0.005956893,0.999946169,8.56634E-05,-0.006042557,-0.00587123,1.77E+02,0.27,,0.261,0.218,,,,,
109,23PT0119-7,FDL-105G-T30,Klebsiella variicola,SKP,pellet_4_mylar_n,"T+P, no EPS",Pellet,4,Mylar,PVT,5%SIO2,8,Deli case @ D120,3.38E+11,,,,,,,,,,#DIV/0!,0.2,,,,,,,,
110,23PT0119-7,FDL-105G-T30,Klebsiella variicola,SKP,bulked powder_4_mylar_n,"T+P, no EPS",Bulked powder,4,Mylar,PVT,5%SIO2,8,Deli case @ D120,2.28E+11,,,,,,,,,,#DIV/0!,0.27,,,,,,,,
111,23PT0119-10,FDL-105G-T31,Klebsiella variicola,SKP,bulked powder_21_mylar_n,T only,Bulked powder,21,Mylar,PVT,5%SIO2,8,Incubator @ D120,1.18E+11,,1.01E+11,8.15E+10,,-0.002882957,0.993614686,0.000452969,-0.003335926,-0.002429988,2.68E+02,0.261,,0.258,0.314,,,,,
112,23PT0119-10,FDL-105G-T31,Klebsiella variicola,SKP,pellet_4_mylar_n,T only,Pellet,4,Mylar,PVT,5%SIO2,8,Deli case @ D120,2.17E+11,,,,,,,,,,#DIV/0!,0.2,,,,,,,,
113,23PT0119-10,FDL-105G-T31,Klebsiella variicola,SKP,bulked powder_4_mylar_n,T only,Bulked powder,4,Mylar,PVT,5%SIO2,8,Deli case @ D120,1.18E+11,,,,,,,,,,#DIV/0!,0.261,,,,,,,,
114,23PT0119-1,FDL-105G-T32,Kosakonia sacchari,SKP,bulked powder_21_mylar_n,"T+P, no EPS",Bulked powder,21,Mylar,PVT,5%SIO2,8,Incubator @ D120,5.47E+10,,3.93E+10,3.38E+10,,-0.00374134,0.955048484,0.00159087,-0.005332209,-0.00215047,1.17E+02,0.239,,0.234,0.297,,,,,
115,23PT0119-1,FDL-105G-T32,Kosakonia sacchari,SKP,pellet_4_mylar_n,"T+P, no EPS",Pellet,4,Mylar,PVT,5%SIO2,8,Deli case @ D120,1.33E+11,,,,,,,,,,#DIV/0!,0.16,,,,,,,,
116,23PT0119-1,FDL-105G-T32,Kosakonia sacchari,SKP,bulked powder_4_mylar_n,"T+P, no EPS",Bulked powder,4,Mylar,PVT,5%SIO2,8,Deli case @ D120,5.47E+10,,,,,,,,,,#DIV/0!,0.239,,,,,,,,
117,23PT0119-4,FDL-105G-T33,Kosakonia sacchari,SKP,bulked powder_21_mylar_n,T only,Bulked powder,21,Mylar,PVT,5%SIO2,8,Incubator @ D120,7.71E+10,,3.36E+10,2.53E+10,,-0.008635487,0.924620478,0.004832589,-0.013468077,-0.003802898,6.79E+01,0.184,,0.216,0.332,,,,,
118,23PT0119-4,FDL-105G-T33,Kosakonia sacchari,SKP,pellet_4_mylar_n,T only,Pellet,4,Mylar,PVT,5%SIO2,8,Deli case @ D120,1.58E+11,,,,,,,,,,#DIV/0!,0.09,,,,,,,,
119,23PT0119-4,FDL-105G-T33,Kosakonia sacchari,SKP,bulked powder_4_mylar_n,T only,Bulked powder,4,Mylar,PVT,5%SIO2,8,Deli case @ D120,7.71E+10,,,,,,,,,,#DIV/0!,0.184,,,,,,,,
120,23PT0119-5,FDL-105EF-T24-CC1,Kosakonia sacchari,PVT70%,bulked powder_21_mylar_n,T only,Bulked powder,21,Mylar,PVT,2%CaCl2,8,Deli case @ D120,1.13E+11,9.56E+10,4.56E+10,,,-0.014125733,0.884323873,0.010013255,-0.024138989,-0.004112478,5.33E+01,,0.281,0.277,,,,,,
121,23PT0119-5,FDL-105EF-T24-CC2,Kosakonia sacchari,PVT70%,bulked powder_21_mylar_n,T only,Bulked powder,21,Mylar,PVT,10%CaCl2,8,Deli case @ D120,1.22E+11,9.06E+10,4.31E+10,,,-0.0161803,0.943177302,0.00778393,-0.02396423,-0.00839637,4.86E+01,,0.124,0.121,,,,,,
122,23PT0119-5,FDL-105EF-T24-SO1,Kosakonia sacchari,PVT70%,bulked powder_21_mylar_n,T only,Bulked powder,21,Mylar,PVT,10%SIO2,8,Deli case @ D120,1.13E+11,8.04E+10,4.10E+10,,,-0.015791877,0.965820748,0.005822572,-0.021614449,-0.009969305,4.77E+01,,0.331,0.325,,,,,,
123,23PT0119-5,FDL-105EF-T24-SO2,Kosakonia sacchari,PVT70%,bulked powder_21_mylar_n,T only,Bulked powder,21,Mylar,PVT,25%SIO2,8,Deli case @ D120,1.22E+11,6.40E+10,3.25E+10,,,-0.020541352,0.999837863,0.000512688,-0.02105404,-0.020028663,3.83E+01,,0.333,0.332,,,,,,
124,23PT0119-5,FDL-105EF-T24-TMC1,Kosakonia sacchari,PVT70%,bulked powder_21_mylar_n,T only,Bulked powder,21,Mylar,PVT,5%TMC,8,Deli case @ D120,1.13E+11,1.14E+11,2.99E+10,,,-0.020675394,0.746865539,0.023591541,-0.044266935,0.002916147,3.64E+01,,0.291,0.298,,,,,,
125,23PT0119-5,FDL-105EF-T24-TMC2,Kosakonia sacchari,PVT70%,bulked powder_21_mylar_n,T only,Bulked powder,21,Mylar,PVT,25%TMC,8,Deli case @ D120,1.22E+11,1.00E+11,4.03E+10,,,-0.017217864,0.880036006,0.012459557,-0.029677421,-0.004758307,4.57E+01,,0.257,0.301,,,,,,
126,22PT1117-8,FDL-105B-T10-CC1,Klebsiella variicola,PVT70%,bulked powder_21_mylar_n,"T+P, high EPS",Bulked powder,21,Mylar,PVT,2%CaCl2,8,Deli case @ D120,1.26E+11,1.03E+11,8.19E+10,,,-0.006683664,0.999318222,0.000342163,-0.007025827,-0.006341502,1.20E+02,,0.258,0.268,,,,,,
127,22PT1117-8,FDL-105B-T10-CC2,Klebsiella variicola,PVT70%,bulked powder_21_mylar_n,"T+P, high EPS",Bulked powder,21,Mylar,PVT,10%CaCl2,8,Deli case @ D120,1.41E+11,1.34E+11,9.16E+10,,,-0.006642304,0.837601714,0.00573243,-0.012374733,-0.000909874,1.28E+02,,0.127,0.12,,,,,,
128,23PT0119-8,FDL-105EF-T26-CC1,Klebsiella variicola,PVT70%,bulked powder_21_mylar_n,"T+P, no EPS",Bulked powder,21,Mylar,PVT,2%CaCl2,8,Deli case @ D120,1.17E+11,8.99E+10,7.30E+10,,,-0.007301202,0.995515043,0.000960501,-0.008261703,-0.006340702,1.05E+02,0.31,0.302,0.3111,,,,,,
129,23PT0119-8,FDL-105EF-T26-CC2,Klebsiella variicola,PVT70%,bulked powder_21_mylar_n,"T+P, no EPS",Bulked powder,21,Mylar,PVT,10%CaCl2,8,Deli case @ D121,1.03E+11,9.50E+10,7.56E+10,,,-0.004868323,0.934815288,0.002519634,-0.007387957,-0.002348689,1.47E+02,,0.116,0.129,,,,,,
130,23PT0119-8,FDL-105EF-T26-TMC1,Klebsiella variicola,PVT70%,bulked powder_21_mylar_n,"T+P, no EPS",Bulked powder,21,Mylar,PVT,10%TMC,8,Deli case @ D122,1.01E+11,7.85E+10,7.26E+10,,,-0.005167243,0.914318066,0.003100294,-0.008267537,-0.002066948,1.36E+02,,0.322,0.35,,,,,,
131,23PT0119-8,FDL-105EF-T26-TMC2,Klebsiella variicola,PVT70%,bulked powder_21_mylar_n,"T+P, no EPS",Bulked powder,21,Mylar,PVT,25%TMC,8,Deli case @ D123,8.78E+10,5.74E+10,3.93E+10,,,-0.012485014,0.99896724,0.000786794,-0.013271808,-0.01169822,5.15E+01,,0.379,0.397,,,,,,
132,23PT0119-8,FDL-105EF-T26-SO1,Klebsiella variicola,PVT70%,bulked powder_21_mylar_n,"T+P, no EPS",Bulked powder,21,Mylar,PVT,10%SIO2,8,Deli case @ D124,7.18E+10,5.36E+10,3.50E+10,,,-0.011120387,0.988534987,0.002347249,-0.013467636,-0.008773137,4.99E+01,,0.349,0.366,,,,,,
133,23PT0119-8,FDL-105EF-T26-SO2,Klebsiella variicola,PVT70%,bulked powder_21_mylar_n,"T+P, no EPS",Bulked powder,21,Mylar,PVT,25%SIO2,8,Deli case @ D125,5.53E+10,4.35E+10,2.58E+10,,,-0.011855052,0.956184742,0.004973858,-0.01682891,-0.006881195,3.73E+01,,0.377,0.398,,,,,,
134,23PT0119-2,FDL-105EF-T22-Try,Kosakonia sacchari,PVT70%,bulked powder_21_mylar_n,"T+P, no EPS",Bulked powder,21,Mylar,Tryptone,5%SIO2,8,Deli case @ D126,9.20E+10,,5.74E+10,,,-0.007318485,1,,,,9.06E+01,,0.282,0.328,,,,,,
135,23PT0119-5,FDL-105EF-T24-SKP,Kosakonia sacchari,PVT70%,bulked powder_21_mylar_n,T only,Bulked powder,21,Mylar,SKP,5%SIO2,8,Deli case @ D127,1.07E+11,,3.80E+10,,,-0.016031358,1,,,,4.54E+01,,0.326,0.305,,,,,,
136,22PT1117-8,FDL-105B-T10-SKP,Klebsiella variicola,PVT70%,bulked powder_21_mylar_n,"T+P, high EPS",Bulked powder,21,Mylar,SKP,5%SIO2,8,Deli case @ D120,,,6.80E+10,4.14E+10,,,,,,,#NUM!,,,0.277,0.26,,,,,
137,22PT1117-8,FDL-105B-T10-Try,Klebsiella variicola,PVT70%,bulked powder_21_mylar_n,"T+P, high EPS",Bulked powder,21,Mylar,Tryptone,5%SIO2,8,Deli case @ D120,,,3.29E+10,2.15E+10,,,,,,,#NUM!,,,0.274,0.262,,,,,
138,22PT1117-5,FDL-105C-T15-SKP,Kosakonia sacchari,PVT70%,bulked powder_21_mylar_n,P only,Bulked powder,21,Mylar,SKP,5%SIO2,8,Deli case @ D120,6.50E+10,,2.66E+10,8.02E+09,,-0.013863578,1,,,,3.69E+01,,,0.251,0.253,,,,,
139,22PT1117-5,FDL-105C-T15-Try,Kosakonia sacchari,PVT70%,bulked powder_21_mylar_n,P only,Bulked powder,21,Mylar,Tryptone,5%SIO2,8,Deli case @ D120,6.50E+10,,2.74E+10,7.18E+09,,-0.013378834,1,,,,3.83E+01,,,0.258,0.262,,,,,
140,22PT1102-8,FDL-105C-T14-Try,Klebsiella variicola,PVT70%,bulked powder_21_mylar_n,"Glucose, no EPS",Bulked powder,21,Mylar,Tryptone,5%SIO2,8,Deli case @ D120,1.00E+11,,9.04E+10,4.69E+10,,-0.001583378,1,,,,4.42E+02,,,0.263,0.274,,,,,
141,22PT1102-7,FDL-105D-T20-Try,Klebsiella variicola,SKP,bulked powder_21_mylar_n,"Glucose, no EPS",Bulked powder,21,Mylar,Tryptone,5%SIO2,8,Deli case @ D120,1.18E+11,,8.06E+10,6.29E+10,,-0.00587753,1,,,,1.31E+02,,,0.253,0.248,,,,,
142,23PT0119-4,FDL-105G-T33-Try,Kosakonia sacchari,SKP,bulked powder_21_mylar_n,T only,Bulked powder,21,Mylar,Tryptone,5%SIO2,8,Incubator @ D120,5.15E+10,,3.42E+10,1.60E+10,,-0.006352672,1,,,,6.47E+01,,,0.236,0.218,,,,,
143,23PT0227-4,FDL-111EF-T18 ,Kosakonia sacchari,PVT70%,bulked powder_21_mylar_n,T only,Bulked powder,21,Mylar,PVT,5%SIO2,8,Incubator @ D120,8.74E+10,,,,,,,,,,#DIV/0!,,,,,,,,,
144,23PT0227-4,FDL-111EF-T18-CC1TMC1,Kosakonia sacchari,PVT70%,bulked powder_21_mylar_n,T only,Bulked powder,21,Mylar,PVT,5%TMC+2%CaCl2,8,Incubator @ D120,1.01E+11,,,,,,,,,,#DIV/0!,,,,,,,,,
145,23PT0227-4,FDL-111EF-T18-TMC1,Kosakonia sacchari,PVT70%,bulked powder_21_mylar_n,T only,Bulked powder,21,Mylar,PVT,5%TMC,8,Incubator @ D120,8.44E+10,,,,,,,,,,#DIV/0!,,,,,,,,,
146,23PT0227-6,FDL-111EF-T19,Kosakonia sacchari,PVT70%,bulked powder_21_mylar_n,P only,Bulked powder,21,Mylar,PVT,5%SIO2,8,Incubator @ D120,1.09E+11,,,,,,,,,,#DIV/0!,,,,,,,,,
147,23PT0227-6,FDL-111EF-T19-CC1TMC1,Kosakonia sacchari,PVT70%,bulked powder_21_mylar_n,P only,Bulked powder,21,Mylar,PVT,5%TMC+2%CaCl2,8,Incubator @ D120,1.43E+11,,,,,,,,,,#DIV/0!,,,,,,,,,
148,23PT0227-6,FDL-111EF-T19-TMC1,Kosakonia sacchari,PVT70%,bulked powder_21_mylar_n,P only,Bulked powder,21,Mylar,PVT,5%TMC,8,Incubator @ D120,1.07E+11,,,,,,,,,,#DIV/0!,,,,,,,,,
149,23PT0227-4,FDL-111G-T22,Kosakonia sacchari,PVT70%,bulked powder_21_mylar_n,T only,Bulked powder,21,Mylar,PVT,5%SIO2,8,Incubator @ D120,7.30E+10,,,,,,,,,,#DIV/0!,,,,,,,,,
150,23PT0227-4,FDL-111G-T22-CC1TMC1,Kosakonia sacchari,PVT70%,bulked powder_21_mylar_n,T only,Bulked powder,21,Mylar,PVT,5%TMC+2%CaCl2,8,Incubator @ D120,7.60E+10,,,,,,,,,,#DIV/0!,,,,,,,,,
151,23PT0227-4,FDL-111G-T22-TMC1,Kosakonia sacchari,PVT70%,bulked powder_21_mylar_n,T only,Bulked powder,21,Mylar,PVT,5%TMC,8,Incubator @ D120,6.42E+10,,,,,,,,,,#DIV/0!,,,,,,,,,
152,23PT0227-6,FDL-111G-T23 ,Kosakonia sacchari,PVT70%,bulked powder_21_mylar_n,P only,Bulked powder,21,Mylar,PVT,5%SIO2,8,Incubator @ D120,7.39E+10,,,,,,,,,,#DIV/0!,,,,,,,,,
153,23PT0227-6,FDL-111G-T23-CC1TMC1,Kosakonia sacchari,PVT70%,bulked powder_21_mylar_n,P only,Bulked powder,21,Mylar,PVT,5%TMC+2%CaCl2,8,Incubator @ D120,7.81E+10,,,,,,,,,,#DIV/0!,,,,,,,,,
154,23PT0227-6,FDL-111G-T23-TMC1,Kosakonia sacchari,PVT70%,bulked powder_21_mylar_n,P only,Bulked powder,21,Mylar,PVT,5%TMC,8,Incubator @ D120,7.90E+10,,,,,,,,,,#DIV/0!,,,,,,,,,
155,23PT0227-4,FDL-111A-T2,Kosakonia sacchari,PVT70%,bulked powder_21_mylar_n,T only,Bulked powder,21,Mylar,PVT,5%SIO2,,,1.11E+10,1.15E+09,,,,-0.070277575,1,,,,-3.66E+00,,0.178,,,,,,,
156,23PT0227-4,FDL-111A-T2-TMC1,Kosakonia sacchari,PVT70%,bulked powder_21_mylar_n,T only,Bulked powder,21,Mylar,PVT,5%TMC,,,1.26E+10,1.87E+09,,,,-0.059133064,1,,,,-3.41E+00,,0.172,,,,,,,
157,23PT0227-4,FDL-111A-T2-TMC2,Kosakonia sacchari,PVT70%,bulked powder_21_mylar_n,T only,Bulked powder,21,Mylar,PVT,25%TMC,,,1.26E+10,2.77E+08,,,,-0.118321795,1,,,,-1.70E+00,,0.135,,,,,,,
158,23PT0227-6,FDL-111A-T3,Kosakonia sacchari,PVT70%,bulked powder_21_mylar_n,P only,Bulked powder,21,Mylar,PVT,5%SIO2,,,1.95E+10,2.70E+09,,,,-0.061407484,1,,,,-1.67E-01,,0.167,,,,,,,
159,23PT0227-6,FDL-111A-T3-TMC1,Kosakonia sacchari,PVT70%,bulked powder_21_mylar_n,P only,Bulked powder,21,Mylar,PVT,5%TMC,,,1.96E+10,3.46E+09,,,,-0.053829165,1,,,,-1.60E-01,,0.16,,,,,,,
160,23PT0227-6,FDL-111A-T3-TMC2,Kosakonia sacchari,PVT70%,bulked powder_21_mylar_n,P only,Bulked powder,21,Mylar,PVT,25%TMC,,,1.96E+10,4.22E+09,,,,-0.047666194,1,,,,-1.80E-01,,0.143,,,,,,,
161,23PT0227-8,FDL-111A-T4,Kosakonia sacchari,PVT70%,bulked powder_21_mylar_n,"P only, con",Bulked powder,21,Mylar,PVT,5%SIO2,,,2.43E+09,2.66E+08,,,,-0.06864871,1,,,,-1.33E+01,,0.168,,,,,,,
162,23PT0227-8,FDL-111A-T4-TMC1,Kosakonia sacchari,PVT70%,bulked powder_21_mylar_n,"P only, con",Bulked powder,21,Mylar,PVT,5%TMC,,,1.75E+09,2.96E+08,,,,-0.055047373,1,,,,-1.92E+01,,0.141,,,,,,,
163,23PT0227-8,FDL-111A-T4-TMC2,Kosakonia sacchari,PVT70%,bulked powder_21_mylar_n,"P only, con",Bulked powder,21,Mylar,PVT,25%TMC,,,1.75E+09,3.76E+08,,,,-0.047651617,1,,,,-2.22E+01,,0.121,,,,,,,
164,23PT0227-8,FDL-111B-T8-CC1,Kosakonia sacchari,PVT70%,bulked powder_21_mylar_n,"P only, con",Bulked powder,21,Mylar,PVT,2% CaCl2,,,1.51E+11,3.72E+10,,,,,,,,,#DIV/0!,,0.257,,,,,,,
165,23PT0227-8,FDL-111B-T8-TMC1,Kosakonia sacchari,PVT70%,bulked powder_21_mylar_n,"P only, con",Bulked powder,21,Mylar,PVT,5%TMC,,,1.75E+11,2.69E+10,,,,,,,,,#DIV/0!,,0.351,,,,,,,
166,23PT0227-8,FDL-111B-T8,Kosakonia sacchari,PVT70%,bulked powder_21_mylar_n,"P only, con",Bulked powder,21,Mylar,PVT,5%SIO2,,,1.39E+11,1.80E+10,,,,,,,,,#DIV/0!,,0.369,,,,,,,
167,23PT0227-4,FDL-111D-T14-CC1,Kosakonia sacchari,PVT70%,bulked powder_21_mylar_n,T only,Bulked powder,21,Mylar,PVT,2% CaCl2,,,1.29E+11,1.22E+10,,,,,,,,,#DIV/0!,,0.265,,,,,,,
168,23PT0227-4,FDL-111D-T14-TMC1,Kosakonia sacchari,PVT70%,bulked powder_21_mylar_n,T only,Bulked powder,21,Mylar,PVT,5%TMC,,,1.27E+11,9.88E+09,,,,,,,,,#DIV/0!,,0.312,,,,,,,
169,23PT0227-4,FDL-111D-T14,Kosakonia sacchari,PVT70%,bulked powder_21_mylar_n,T only,Bulked powder,21,Mylar,PVT,5%SIO2,,,1.07E+11,5.83E+09,,,,,,,,,#DIV/0!,,0.329,,,,,,,
170,23PT0227-6,FDL-111D-T15-CC1,Kosakonia sacchari,PVT70%,bulked powder_21_mylar_n,P only,Bulked powder,21,Mylar,PVT,2% CaCl2,,,1.50E+11,3.60E+10,,,,,,,,,#DIV/0!,,0.242,,,,,,,
171,23PT0227-6,FDL-111D-T15-TMC1,Kosakonia sacchari,PVT70%,bulked powder_21_mylar_n,P only,Bulked powder,21,Mylar,PVT,5%TMC,,,1.41E+11,2.66E+10,,,,,,,,,#DIV/0!,,0.309,,,,,,,
172,23PT0227-6,FDL-111D-T15,Kosakonia sacchari,PVT70%,bulked powder_21_mylar_n,P only,Bulked powder,21,Mylar,PVT,5%SIO2,,,1.57E+11,2.20E+10,,,,,,,,,#DIV/0!,,0.332,,,,,,,
173,23PT0126-2,FDL-105K-T42,Kosakonia sacchari,PVT70%,bulked powder_21_mylar_n,T+P,Bulked powder,21,Mylar,PVT,5%SIO2,45.5% Sucrose,22.75% Inulin,3.55E+10,,7.65E+09,,,-0.023790039,1,,,,1.05E+01,,,,,,,,,
174,23PT0126-5,FDL-105K-T44,Kosakonia sacchari,PVT70%,bulked powder_21_mylar_n,"T+P, 0.7% XG",Bulked powder,21,Mylar,PVT,5%SIO2,45.5% Sucrose,22.75% Inulin,6.84E+10,,2.15E+09,,,-0.053640887,1,,,,9.96E+00,,,,,,,,,
175,23PT0227-4,FDL-111EF-T18 ,Kosakonia sacchari,PVT70%,bulked powder_21_mylar_n,T only,Bulked powder,21,Mylar,PVT,5%SIO2,,,8.74E+10,,,,,,,,,,,,,,,,,,,
176,23PT0227-4,FDL-111EF-T18-CC1TMC1,Kosakonia sacchari,PVT70%,bulked powder_21_mylar_n,T only,Bulked powder,21,Mylar,PVT,5%TMC+2% CaCl2,,,1.01E+11,,,,,,,,,,,,,,,,,,,
177,23PT0227-4,FDL-111EF-T18-TMC1,Kosakonia sacchari,PVT70%,bulked powder_21_mylar_n,T only,Bulked powder,21,Mylar,PVT,5%TMC,,,8.44E+10,,,,,,,,,,,,,,,,,,,
178,23PT0227-6,FDL-111EF-T19,Kosakonia sacchari,PVT70%,bulked powder_21_mylar_n,P only,Bulked powder,21,Mylar,PVT,5%SIO2,,,1.09E+11,,,,,,,,,,,,,,,,,,,
179,23PT0227-6,FDL-111EF-T19-CC1TMC1,Kosakonia sacchari,PVT70%,bulked powder_21_mylar_n,P only,Bulked powder,21,Mylar,PVT,5%TMC+2% CaCl2,,,1.43E+11,,,,,,,,,,,,,,,,,,,
180,23PT0227-6,FDL-111EF-T19-TMC1,Kosakonia sacchari,PVT70%,bulked powder_21_mylar_n,P only,Bulked powder,21,Mylar,PVT,5%TMC,,,1.07E+11,,,,,,,,,,,,,,,,,,,
181,23PT0227-4,FDL-111G-T22,Kosakonia sacchari,PVT70%,bulked powder_21_mylar_n,T only,Bulked powder,21,Mylar,PVT,5%SIO2,,,7.30E+10,,,,,,,,,,,,,,,,,,,
182,23PT0227-4,FDL-111G-T22-CC1TMC1,Kosakonia sacchari,PVT70%,bulked powder_21_mylar_n,T only,Bulked powder,21,Mylar,PVT,5%TMC+2% CaCl2,,,7.60E+10,,,,,,,,,,,,,,,,,,,
183,23PT0227-4,FDL-111G-T22-TMC1,Kosakonia sacchari,PVT70%,bulked powder_21_mylar_n,T only,Bulked powder,21,Mylar,PVT,5%TMC,,,6.42E+10,,,,,,,,,,,,,,,,,,,
184,23PT0227-6,FDL-111G-T23 ,Kosakonia sacchari,PVT70%,bulked powder_21_mylar_n,P only,Bulked powder,21,Mylar,PVT,5%SIO2,,,7.39E+10,,,,,,,,,,,,,,,,,,,
185,23PT0227-6,FDL-111G-T23-CC1TMC1,Kosakonia sacchari,PVT70%,bulked powder_21_mylar_n,P only,Bulked powder,21,Mylar,PVT,5%TMC+2% CaCl2,,,7.81E+10,,,,,,,,,,,,,,,,,,,
186,23PT0227-6,FDL-111G T23 TMC1,Kosakonia sacchari,PVT70%,bulked powder_21_mylar_n,P only,Bulked powder,21,Mylar,PVT,5%TMC,,,7.90E+10,,,,,,,,,,,,,,,,,,,
,,,,,,,Bulked powder,21,Mylar,PVT,,,,,,,,,,,,,,,,,,,,,,,
